Account,Password
1,aaa
2,bbb
3,ccc
4,aaa
5,bbb
6,ccc
7,aaa
8,bbb
9,ccc
10,aaa
11,bbb
12,ccc
13,aaa
14,bbb
15,ccc
16,aaa
17,bbb
18,ccc
19,aaa
20,bbb
21,ccc
22,aaa
23,aaa
24,bbb
25,ccc
26,aaa
27,bbb
28,ddd
29,sss
30,ddd
31,ggg
32,hhh
33,bbb
34,fff
35,ggg
36,rrr
37,bbb
38,ddd
39,sss
40,ddd
41,ggg
42,hhh
43,bbb
44,fff
45,ggg
46,rrr
47,bbb
48,ddd
49,sss
50,ddd
51,ggg
52,hhh
53,bbb
54,fff
55,ggg
56,rrr
57,bbb
58,ddd
59,sss
60,ddd
61,ggg
62,hhh
63,bbb
64,fff
65,ggg
66,rrr
67,bbb
68,ddd
69,sss
70,ddd
71,ggg
72,hhh
73,bbb
74,fff
75,ggg
76,rrr
77,bbb
78,ddd
79,sss
80,ddd
81,ggg
82,hhh
83,bbb
84,fff
85,ggg
86,rrr
87,bbb
88,ddd
89,sss
90,ddd
91,ggg
92,hhh
93,bbb
94,fff
95,ggg
96,rrr
97,bbb
98,ddd
99,sss
100,ddd